Workbook

Sheet Grant Database
A1: ID | B1: Grant Title | C1: Funding Organization | D1: Grant Category | E1: Award Amount (USD) | F1: Eligibility Criteria | G1: Target Applicant Groups | H1: Purpose / Description | I1: Research Focus Area | J1: Geographic Scope | K1: Application Open Date | L1: Application Deadline | M1: Award Announcement | N1: Project Start Date | O1: Project End Date | P1: Duration (Months) | Q1: Status | R1: Application URL / Contact | S1: Notes
A2: 1 | B2: Kenya Medical Research Institute (KEMRI) Research Grant | C2: Kenya Medical Research Institute | D2: National Research Institute | E2: 50000 | F2: Kenyan citizens or residents; PhD/MD or equivalent; KEMRI-affiliated researchers preferred | G2: Kenyan researchers; KEMRI scientists; Medical professionals; Public health practitioners | H2: Supports biomedical and public health research to improve health outcomes for Kenyan populations. | I2: Biomedical & Public Health Research | J2: Kenya | K2: 2024-01-15 | L2: 2024-03-31 | M2: 2024-06-01 | N2: 2024-09-01 | O2: 2026-08-31 | P2: 24 | Q2: Open | R2: https://www.kemri.go.ke/ | S2: Core national research funding for Kenya
A3: 2 | B3: Kenya National Research Fund (NRF) Health Grant | C3: Kenya National Research Fund | D3: National Government | E3: 30000 | F3: Kenyan citizens; registered Kenyan institution; PhD or MSc + 3 yrs experience | G3: Kenyan researchers; University faculty; Health professionals; Research institutions | H3: Funds health and medical research aligned with Kenya's national development priorities and Vision 2030. | I3: National Health Research Priorities | J3: Kenya | K3: 2024-02-01 | L3: 2024-04-30 | M3: 2024-07-15 | N3: 2024-10-01 | O3: 2026-09-30 | P3: 24 | Q3: Open | R3: https://www.nrf.go.ke/ | S3: Competitive; aligned to Big Four agenda
A4: 3 | B4: AMREF Health Africa Research Grant | C4: AMREF Health Africa | D4: African NGO | E4: 80000 | F4: African health researchers; AMREF country office affiliation helpful; community focus required | G4: Community health researchers; Public health practitioners; African scientists; Health NGOs | H4: Supports applied health research to strengthen health systems and improve community health in Africa. | I4: Community & Primary Health Care | J4: Africa (HQ Nairobi, Kenya) | K4: 2024-03-01 | L4: 2024-05-31 | M4: 2024-08-15 | N4: 2024-11-01 | O4: 2026-10-31 | P4: 24 | Q4: Open | R4: https://amref.org/ | S4: Africa-rooted; headquartered in Nairobi
A5: 4 | B5: Aga Khan University Research Grant (Kenya) | C5: Aga Khan University | D5: Academic Institution | E5: 60000 | F5: AKU faculty or affiliated researchers; East Africa focus; multidisciplinary teams welcome | G5: AKU faculty; East African researchers; Clinical scientists; Health system researchers | H5: Funds research to address health challenges in East Africa with a focus on practical, implementable solutions. | I5: East Africa Health Systems Research | J5: Kenya, East Africa | K5: 2024-04-01 | L5: 2024-06-30 | M5: 2024-09-01 | N5: 2024-11-01 | O5: 2026-10-31 | P5: 24 | Q5: Open | R5: https://www.aku.edu/research/ | S5: Strong clinical & implementation focus
A6: 5 | B6: University of Nairobi Research Innovation Fund | C6: University of Nairobi | D6: Academic Institution | E6: 20000 | F6: UoN faculty or postgraduate students; registered UoN department; health/science focus | G6: UoN researchers; Postgraduate students; Medical school faculty; Health science departments | H6: Promotes research innovation and capacity building within the University of Nairobi's health sciences. | I6: Academic Health Research Innovation | J6: Kenya | K6: 2024-01-10 | L6: 2024-03-15 | M6: 2024-05-01 | N6: 2024-07-01 | O6: 2025-06-30 | P6: 12 | Q6: Open | R6: https://www.uonbi.ac.ke/research/ | S6: Seed funding for innovation projects
A7: 6 | B7: Kenyatta National Hospital Research Grant | C7: Kenyatta National Hospital | D7: National Hospital | E7: 25000 | F7: KNH staff or affiliated researchers; clinical research focus; IRB approval required | G7: KNH clinicians; Medical officers; Clinical researchers; Nursing researchers | H7: Supports clinical research to improve patient care and health outcomes at Kenya's national referral hospital. | I7: Clinical & Hospital-Based Research | J7: Kenya | K7: 2024-02-01 | L7: 2024-04-15 | M7: 2024-06-01 | N7: 2024-08-01 | O7: 2026-07-31 | P7: 24 | Q7: Open | R7: https://www.knh.or.ke/ | S7: Priority to clinical quality improvement
A8: 7 | B8: Kenya AIDS Research & Control Program Grant | C8: National AIDS & STI Control Programme (NASCOP) | D8: National Government | E8: 40000 | F8: Kenya-based researchers; HIV/AIDS focus; collaboration with public health facilities preferred | G8: Infectious disease researchers; Public health officials; Epidemiologists; HIV clinicians | H8: Funds research to improve HIV prevention, treatment adherence, and care in Kenya. | I8: HIV/AIDS & Infectious Disease | J8: Kenya | K8: 2024-05-01 | L8: 2024-07-31 | M8: 2024-10-01 | N8: 2025-01-01 | O8: 2027-12-31 | P8: 36 | Q8: Upcoming | R8: https://www.nacopkenya.go.ke/ | S8: Policy-linked HIV research
A9: 8 | B9: Kenya Paediatric Research Consortium Grant | C9: Kenya Paediatric Association | D9: Professional Association | E9: 15000 | F9: Kenya-based paediatricians or child health researchers; KPA membership an advantage | G9: Paediatricians; Child health researchers; Neonatologists; Paediatric nurses | H9: Supports research to improve child health outcomes in Kenya including neonatal and adolescent health. | I9: Paediatric & Child Health | J9: Kenya | K9: 2024-03-15 | L9: 2024-05-31 | M9: 2024-07-15 | N9: 2024-09-01 | O9: 2025-08-31 | P9: 12 | Q9: Closed | R9: https://www.kenyapaediatrics.org/ | S9: Small grants; clinical focus
A10: 9 | B10: East African Community Health Research Fund | C10: East African Community (EAC) | D10: Regional Government Body | E10: 120000 | F10: EAC partner state institution (Kenya, Uganda, Tanzania, Rwanda, Burundi, DRC, Somalia); health focus | G10: East African researchers; Cross-border health teams; Regional health ministries; Academic institutions | H10: Funds transboundary health research to address shared disease burdens across East African partner states. | I10: Regional Health & Disease Burden | J10: East Africa (EAC) | K10: 2024-04-01 | L10: 2024-07-01 | M10: 2024-10-01 | N10: 2025-01-01 | O10: 2027-12-31 | P10: 36 | Q10: Upcoming | R10: https://www.eac.int/health | S10: Multi-country collaboration required
A11: 10 | B11: Makerere University - University of Nairobi Joint Research Program | C11: Makerere University / UoN | D11: Academic Consortium | E11: 75000 | F11: Joint team from Makerere (Uganda) and UoN (Kenya); graduate-level researchers; health-related | G11: Ugandan & Kenyan researchers; Joint research teams; Postdoctoral fellows; Faculty members | H11: Promotes academic research collaboration between East Africa's leading universities on shared health challenges. | I11: Academic Research Collaboration | J11: Uganda, Kenya | K11: 2024-06-01 | L11: 2024-08-31 | M11: 2024-11-01 | N11: 2025-02-01 | O11: 2027-01-31 | P11: 24 | Q11: Upcoming | R11: https://www.mak.ac.ug/research | S11: Partnership grants only
A12: 11 | B12: African Academy of Sciences (AAS) Grand Challenges Africa | C12: African Academy of Sciences | D12: Pan-African | E12: 200000 | F12: Sub-Saharan African institution; African principal investigator; health innovation focus | G12: African scientists; Public health researchers; Biomedical innovators; Multi-disciplinary teams | H12: Supports African-led research and innovation to address the continent's most pressing health challenges. | I12: Grand Challenges in African Health | J12: Sub-Saharan Africa | K12: 2024-02-01 | L12: 2024-05-01 | M12: 2024-08-15 | N12: 2025-01-01 | O12: 2027-12-31 | P12: 36 | Q12: Open | R12: https://www.aasciences.africa/ | S12: Flagship AAS funding mechanism
A13: 12 | B13: Alliance for Accelerating Excellence in Science in Africa (AESA) | C13: AESA / AAS / Wellcome / Gates | D13: Pan-African Partnership | E13: 300000 | F13: African institution; African PI required; collaborative research encouraged; capacity building component | G13: African research leaders; Emerging scientists; Health research institutions; Universities | H13: Strengthens African research leadership and funds high-impact science to address African health challenges. | I13: Health Research Excellence & Capacity | J13: Africa-wide | K13: 2024-03-01 | L13: 2024-06-01 | M13: 2024-09-15 | N13: 2025-01-01 | O13: 2028-12-31 | P13: 48 | Q13: Open | R13: https://aesa.aasciences.africa/ | S13: Major platform for African-led research
... A51: 50 | B51: Gavi Alliance Research & Evaluation Grant | C51: Gavi, the Vaccine Alliance | D51: International | E51: 600000 | F51: Global eligibility; vaccine introduction, demand, or impact research; LMIC context; Africa priority | G51: Vaccine researchers; Epidemiologists; Health economists; African immunisation programme researchers | H51: Funds research to accelerate vaccine introduction and improve immunisation programme outcomes in LMICs. | I51: Vaccine Research & Immunisation | J51: Global, Africa & Asia | K51: 2024-05-01 | L51: 2024-08-31 | M51: 2024-12-15 | N51: 2025-05-01 | O51: 2028-04-30 | P51: 36 | Q51: Open | R51: https://www.gavi.org/ | S51: Supports Gavi-eligible country research

Sheet Summary Dashboard
A1: 🌍 Africa & Kenya Medical Research Grant Database — Summary Dashboard
A3: Total Grants | B3: Open Grants | C3: Closed Grants | D3: Upcoming Grants | E3: Kenya-Specific | F3: Pan-African | G3: East Africa | H3: Global (LMIC)
A4: =COUNTA('Grant Database'!A2:A51) -> 50 | B4: =COUNTIF('Grant Database'!Q2:Q51,"Open") -> 30 | C4: =COUNTIF('Grant Database'!Q2:Q51,"Closed") -> 2 | D4: =COUNTIF('Grant Database'!Q2:Q51,"Upcoming") -> 18 | E4: =COUNTIF('Grant Database'!J2:J51,"Kenya") -> 6 | F4: =COUNTIF('Grant Database'!J2:J51,"*Africa-wide*")+COUNTIF('Grant Database'!J2:J51,"Sub-Saharan Africa")+COUNTIF('Grant Database'!J2:J51,"Africa") -> 14 | G4: =COUNTIF('Grant Database'!J2:J51,"*East Africa*") -> 2 | H4: =COUNTIF('Grant Database'!J2:J51,"*Global*")+COUNTIF('Grant Database'!J2:J51,"*LMIC*") -> 17
A7: Status | B7: Count | C7: % of Total | E7: Grant Category | F7: Count | G7: Focus Area | H7: Count
A8: Open | B8: =COUNTIF('Grant Database'!Q:Q,"Open") -> 30 | C8: =B8/B$11 -> 0.6 | E8: National Research Institute | F8: =COUNTIF('Grant Database'!D:D,"National Research Institute") -> 1 | G8: HIV/AIDS | H8: =COUNTIF('Grant Database'!I:I,"*HIV/AIDS*") -> 2
A9: Closed | B9: =COUNTIF('Grant Database'!Q:Q,"Closed") -> 2 | C9: =B9/B$11 -> 0.04 | E9: National Government | F9: =COUNTIF('Grant Database'!D:D,"National Government") -> 2 | G9: Malaria | H9: =COUNTIF('Grant Database'!I:I,"*Malaria*") -> 2
A10: Upcoming | B10: =COUNTIF('Grant Database'!Q:Q,"Upcoming") -> 18 | C10: =B10/B$11 -> 0.36 | E10: Pan-African | F10: =COUNTIF('Grant Database'!D:D,"Pan-African") -> 3 | G10: Tuberculosis | H10: =COUNTIF('Grant Database'!I:I,"*Tuberculosis*") -> 1
A11: TOTAL | B11: =SUM(B8:B10) -> 50 | C11: =SUM(C8:C10) -> 1 | E11: International Foundation | F11: =COUNTIF('Grant Database'!D:D,"International Foundation") -> 2 | G11: NCD | H11: =COUNTIF('Grant Database'!I:I,"*NCD*") -> 1
E12: US Federal | F12: =COUNTIF('Grant Database'!D:D,"US Federal") -> 2 | G12: Maternal Health | H12: =COUNTIF('Grant Database'!I:I,"*Maternal Health*") -> 0
E13: International NGO | F13: =COUNTIF('Grant Database'!D:D,"International NGO") -> 9 | G13: Nutrition | H13: =COUNTIF('Grant Database'!I:I,"*Nutrition*") -> 2
E14: Academic Institution | F14: =COUNTIF('Grant Database'!D:D,"Academic Institution") -> 2 | G14: Genomics | H14: =COUNTIF('Grant Database'!I:I,"*Genomics*") -> 1
E15: Regional Government Body | F15: =COUNTIF('Grant Database'!D:D,"Regional Government Body") -> 1 | G15: Digital Health | H15: =COUNTIF('Grant Database'!I:I,"*Digital Health*") -> 1
E16: EU Government | F16: =COUNTIF('Grant Database'!D:D,"EU Government") -> 1 | G16: Surgical | H16: =COUNTIF('Grant Database'!I:I,"*Surgical*") -> 1
E17: Canadian Government | F17: =COUNTIF('Grant Database'!D:D,"Canadian Government") -> 1 | G17: Eye Health | H17: =COUNTIF('Grant Database'!I:I,"*Eye Health*") -> 1

Sheet Kenya Focus
A1: 🇰🇪 Kenya-Relevant Grants — Quick Reference
A2: Grant Title | B2: Organization | C2: Amount (USD) | D2: Status | E2: Geographic Scope | F2: Deadline
A3: Kenya Medical Research Institute (KEMRI) Research Grant | B3: Kenya Medical Research Institute | C3: 50000 | D3: Open | E3: Kenya | F3: 2024-03-31
A4: Kenya National Research Fund (NRF) Health Grant | B4: Kenya National Research Fund | C4: 30000 | D4: Open | E4: Kenya | F4: 2024-04-30
A5: AMREF Health Africa Research Grant | B5: AMREF Health Africa | C5: 80000 | D5: Open | E5: Africa (HQ Nairobi, Kenya) | F5: 2024-05-31
A6: Aga Khan University Research Grant (Kenya) | B6: Aga Khan University | C6: 60000 | D6: Open | E6: Kenya, East Africa | F6: 2024-06-30
A7: University of Nairobi Research Innovation Fund | B7: University of Nairobi | C7: 20000 | D7: Open | E7: Kenya | F7: 2024-03-15
A8: Kenyatta National Hospital Research Grant | B8: Kenyatta National Hospital | C8: 25000 | D8: Open | E8: Kenya | F8: 2024-04-15
A9: Kenya AIDS Research & Control Program Grant | B9: National AIDS & STI Control Programme (NASCOP) | C9: 40000 | D9: Upcoming | E9: Kenya | F9: 2024-07-31
A10: Kenya Paediatric Research Consortium Grant | B10: Kenya Paediatric Association | C10: 15000 | D10: Closed | E10: Kenya | F10: 2024-05-31
A11: East African Community Health Research Fund | B11: East African Community (EAC) | C11: 120000 | D11: Upcoming | E11: East Africa (EAC) | F11: 2024-07-01
A12: Makerere University - University of Nairobi Joint Research Program | B12: Makerere University / UoN | C12: 75000 | D12: Upcoming | E12: Uganda, Kenya | F12: 2024-08-31
A13: African Academy of Sciences (AAS) Grand Challenges Africa | B13: African Academy of Sciences | C13: 200000 | D13: Open | E13: Sub-Saharan Africa | F13: 2024-05-01
A14: Alliance for Accelerating Excellence in Science in Africa (AESA) | B14: AESA / AAS / Wellcome / Gates | C14: 300000 | D14: Open | E14: Africa-wide | F14: 2024-06-01
... A52: Gavi Alliance Research & Evaluation Grant | B52: Gavi, the Vaccine Alliance | C52: 600000 | D52: Open | E52: Global, Africa & Asia | F52: 2024-08-31
